文档编号,文件名,类别,来源,获取方式,更新日期,权限级别,负责人,状态,备注,原始来源URL,许可证
YQ-PROD-001,products/YQ-PROD-001-云启低代码平台产品介绍.md,产品资料类,参考开源低代码平台公开文档后自编,官网文档整理 + 自己编写,2026-08-18,全员,产品部,已清洗,模拟产品资料，参考开源项目功能但不照搬其文本,,自编模拟文档
YQ-PROD-002,products/YQ-PROD-002-云启低代码平台用户手册.md,产品资料类,参考开源低代码平台公开文档后自编,官网文档整理 + 自己编写,2026-08-18,全员,产品部,已清洗,模拟产品资料，含表单、流程、权限操作步骤,,自编模拟文档
YQ-PROD-003,products/YQ-PROD-003-云启低代码平台 FAQ.md,产品资料类,参考开源低代码平台公开文档后自编,官网文档整理 + 自己编写,2026-08-18,全员,产品部,已清洗,模拟产品资料，含常见问题与答复,,自编模拟文档
YQ-PROD-004,products/YQ-PROD-004-云启低代码平台版本发布记录.md,产品资料类,参考开源低代码平台公开文档后自编,官网文档整理 + 自己编写,2026-08-18,全员,产品部,已清洗,模拟产品资料，含版本号、变更内容,,自编模拟文档
YQ-PROD-005,products/YQ-PROD-005-云启低代码平台问题排查指南.md,产品资料类,参考开源低代码平台公开文档后自编,官网文档整理 + 自己编写,2026-08-18,部门,技术支持部,已清洗,模拟产品资料，含常见报错与解决方法,,自编模拟文档
YQ-PROD-006,products/YQ-PROD-006-云启数据分析平台产品介绍.md,产品资料类,参考开源 BI 项目公开文档后自编,官网文档整理 + 自己编写,2026-08-18,全员,产品部,已清洗,模拟产品资料，参考开源 BI 功能但不照搬其文本,,自编模拟文档
YQ-PROD-007,products/YQ-PROD-007-云启数据分析平台用户手册.md,产品资料类,参考开源 BI 项目公开文档后自编,官网文档整理 + 自己编写,2026-08-18,全员,产品部,已清洗,模拟产品资料，含数据源、数据集、看板操作,,自编模拟文档
YQ-PROD-008,products/YQ-PROD-008-云启数据分析平台 FAQ.md,产品资料类,参考开源 BI 项目公开文档后自编,官网文档整理 + 自己编写,2026-08-18,全员,产品部,已清洗,模拟产品资料，含常见问题与答复,,自编模拟文档
YQ-PROD-009,products/YQ-PROD-009-云启数据分析平台版本发布记录.md,产品资料类,参考开源 BI 项目公开文档后自编,官网文档整理 + 自己编写,2026-08-18,全员,产品部,已清洗,模拟产品资料，含版本号、变更内容,,自编模拟文档
YQ-PROD-010,products/YQ-PROD-010-云启数据分析平台集成指南.md,产品资料类,参考开源 BI 项目公开文档后自编,官网文档整理 + 自己编写,2026-08-18,部门,技术支持部,已清洗,模拟产品资料，含 API、SSO、消息集成,,自编模拟文档
YQ-PROD-011,products/YQ-PROD-011-云启消息队列产品介绍.md,产品资料类,参考开源消息中间件公开文档后自编,官网文档整理 + 自己编写,2026-08-18,全员,产品部,已清洗,模拟产品资料，参考开源消息中间件功能但不照搬其文本,,自编模拟文档
YQ-PROD-012,products/YQ-PROD-012-云启消息队列快速上手.md,产品资料类,参考开源消息中间件公开文档后自编,官网文档整理 + 自己编写,2026-08-18,全员,产品部,已清洗,模拟产品资料，含安装、创建主题、生产消费,,自编模拟文档
YQ-PROD-013,products/YQ-PROD-013-云启消息队列 FAQ.md,产品资料类,参考开源消息中间件公开文档后自编,官网文档整理 + 自己编写,2026-08-18,全员,产品部,已清洗,模拟产品资料，含常见问题与答复,,自编模拟文档
YQ-PROD-014,products/YQ-PROD-014-云启消息队列版本发布记录.md,产品资料类,参考开源消息中间件公开文档后自编,官网文档整理 + 自己编写,2026-08-18,全员,产品部,已清洗,模拟产品资料，含版本号、变更内容,,自编模拟文档
YQ-PROD-015,products/YQ-PROD-015-云启消息队列运维手册.md,产品资料类,参考开源消息中间件公开文档后自编,官网文档整理 + 自己编写,2026-08-18,管理员,技术支持部,已清洗,模拟产品资料，含集群部署、监控、扩缩容,,自编模拟文档
YQ-PROD-016,products/YQ-PROD-016-云启容器平台产品介绍.md,产品资料类,参考开源容器与云原生项目公开文档后自编,GitHub Docs 整理 + 自己编写,2026-08-18,全员,产品部,已清洗,模拟产品资料，参考开源容器平台功能但不照搬其文本,,自编模拟文档
YQ-PROD-017,products/YQ-PROD-017-云启容器平台部署指南.md,产品资料类,参考开源容器与云原生项目公开文档后自编,GitHub Docs 整理 + 自己编写,2026-08-18,管理员,技术支持部,已清洗,模拟产品资料，含单机、高可用部署步骤,,自编模拟文档
YQ-PROD-018,products/YQ-PROD-018-云启容器平台 FAQ.md,产品资料类,参考开源容器与云原生项目公开文档后自编,GitHub Docs 整理 + 自己编写,2026-08-18,全员,产品部,已清洗,模拟产品资料，含常见问题与答复,,自编模拟文档
YQ-PROD-019,products/YQ-PROD-019-云启容器平台版本发布记录.md,产品资料类,参考开源容器与云原生项目公开文档后自编,GitHub Docs 整理 + 自己编写,2026-08-18,全员,产品部,已清洗,模拟产品资料，含版本号、变更内容,,自编模拟文档
YQ-PROD-020,products/YQ-PROD-020-云启容器平台安全加固指南.md,产品资料类,参考开源容器与云原生项目公开文档后自编,GitHub Docs 整理 + 自己编写,2026-08-18,管理员,信息安全部,已清洗,模拟产品资料，含基线、镜像、运行时安全,,自编模拟文档
YQ-PROD-021,products/YQ-PROD-021-云启 API 网关产品介绍.md,产品资料类,参考开源 API 网关项目公开文档后自编,GitHub Docs 整理 + 自己编写,2026-08-18,全员,产品部,已清洗,模拟产品资料，参考开源 API 网关功能但不照搬其文本,,自编模拟文档
YQ-PROD-022,products/YQ-PROD-022-云启 API 网关用户手册.md,产品资料类,参考开源 API 网关项目公开文档后自编,GitHub Docs 整理 + 自己编写,2026-08-18,全员,产品部,已清洗,模拟产品资料，含路由、认证、限流配置,,自编模拟文档
YQ-PROD-023,products/YQ-PROD-023-云启 API 网关 FAQ.md,产品资料类,参考开源 API 网关项目公开文档后自编,GitHub Docs 整理 + 自己编写,2026-08-18,全员,产品部,已清洗,模拟产品资料，含常见问题与答复,,自编模拟文档
YQ-PROD-024,products/YQ-PROD-024-云启 API 网关版本发布记录.md,产品资料类,参考开源 API 网关项目公开文档后自编,GitHub Docs 整理 + 自己编写,2026-08-18,全员,产品部,已清洗,模拟产品资料，含版本号、变更内容,,自编模拟文档
YQ-PROD-025,products/YQ-PROD-025-云启 API 网关配置示例.md,产品资料类,参考开源 API 网关项目公开文档后自编,GitHub Docs 整理 + 自己编写,2026-08-18,管理员,技术支持部,已清洗,模拟产品资料，含配置片段与说明,,自编模拟文档
YQ-INST-001,institutional/YQ-INST-001-员工考勤管理制度.md,制度类,云启科技自编,自己编写,2026-08-18,全员,人力资源部,已清洗,模拟制度，标准答案可控，适合建立评测集,,自编模拟文档
YQ-INST-002,institutional/YQ-INST-002-年休假管理办法.md,制度类,云启科技自编,自己编写,2026-08-18,全员,人力资源部,已清洗,模拟制度，标准答案可控，适合建立评测集,,自编模拟文档
YQ-INST-003,institutional/YQ-INST-003-差旅报销管理规定.md,制度类,云启科技自编,自己编写,2026-08-18,全员,财务部,已清洗,模拟制度，含报销标准表，便于测试表格解析,,自编模拟文档
YQ-INST-004,institutional/YQ-INST-004-加班管理制度.md,制度类,云启科技自编,自己编写,2026-08-18,全员,人力资源部,已清洗,模拟制度，标准答案可控,,自编模拟文档
YQ-INST-005,institutional/YQ-INST-005-信息安全管理办法.md,制度类,云启科技自编,自己编写,2026-08-18,管理员,信息安全部,已清洗,模拟制度，含账号、密码、设备管理要求,,自编模拟文档
YQ-INST-006,institutional/YQ-INST-006-固定资产管理制度.md,制度类,云启科技自编,自己编写,2026-08-18,部门,行政部,已清洗,模拟制度，含领用、盘点、报废流程,,自编模拟文档
YQ-INST-007,institutional/YQ-INST-007-招聘管理制度.md,制度类,云启科技自编,自己编写,2026-08-18,部门,人力资源部,已清洗,模拟制度，含编制、面试、录用审批流程,,自编模拟文档
YQ-INST-008,institutional/YQ-INST-008-员工培训管理制度.md,制度类,云启科技自编,自己编写,2026-08-18,全员,人力资源部,已清洗,模拟制度，含培训计划、报名、费用报销,,自编模拟文档
YQ-INST-009,institutional/YQ-INST-009-绩效考核制度.md,制度类,云启科技自编,自己编写,2026-08-18,部门,人力资源部,已清洗,模拟制度，含考核周期、等级、申诉流程,,自编模拟文档
YQ-INST-010,institutional/YQ-INST-010-员工行为规范.md,制度类,云启科技自编,自己编写,2026-08-18,全员,人力资源部,已清洗,模拟制度，含工作纪律、办公环境、奖惩,,自编模拟文档
YQ-INST-011,institutional/YQ-INST-011-劳动合同管理办法.md,制度类,云启科技自编,自己编写,2026-08-18,部门,人力资源部,已清洗,模拟制度，含合同签订、续签、变更、解除,,自编模拟文档
YQ-INST-012,institutional/YQ-INST-012-薪酬福利管理办法.md,制度类,云启科技自编,自己编写,2026-08-18,部门,人力资源部,已清洗,模拟制度，含薪资结构、发放、保密,,自编模拟文档
YQ-INST-013,institutional/YQ-INST-013-保密管理制度.md,制度类,云启科技自编,自己编写,2026-08-18,管理员,信息安全部,已清洗,模拟制度，含密级、访问、对外发布,,自编模拟文档
YQ-INST-014,institutional/YQ-INST-014-数据安全管理细则.md,制度类,云启科技自编,自己编写,2026-08-18,管理员,信息安全部,已清洗,模拟制度，含分级、脱敏、导出、备份,,自编模拟文档
YQ-INST-015,institutional/YQ-INST-015-办公用品管理办法.md,制度类,云启科技自编,自己编写,2026-08-18,全员,行政部,已清洗,模拟制度，含申购、领用、库存,,自编模拟文档
YQ-INST-016,institutional/YQ-INST-016-印章与证照管理制度.md,制度类,云启科技自编,自己编写,2026-08-18,管理员,行政部,已清洗,模拟制度，含印章使用、保管、证照借用,,自编模拟文档
YQ-INST-017,institutional/YQ-INST-017-会议室预订与使用规范.md,制度类,云启科技自编,自己编写,2026-08-18,全员,行政部,已清洗,模拟制度，含预订、取消、设备使用,,自编模拟文档
YQ-INST-018,institutional/YQ-INST-018-远程办公管理办法.md,制度类,云启科技自编,自己编写,2026-08-18,全员,人力资源部,已清洗,模拟制度，含申请、考勤、信息安全,,自编模拟文档
YQ-INST-019,institutional/YQ-INST-019-离职交接管理办法.md,制度类,云启科技自编,自己编写,2026-08-18,部门,人力资源部,已清洗,模拟制度，含交接清单、权限回收、薪酬结算,,自编模拟文档
YQ-INST-020,institutional/YQ-INST-020-员工申诉与沟通制度.md,制度类,云启科技自编,自己编写,2026-08-18,全员,人力资源部,已清洗,模拟制度，含申诉渠道、处理时限、保护措施,,自编模拟文档
YQ-INST-021,institutional/YQ-INST-021-信息安全应急预案.md,制度类,云启科技自编,自己编写,2026-08-18,管理员,信息安全部,已清洗,模拟制度，含事件分级、响应流程、演练,,自编模拟文档
YQ-INST-022,institutional/YQ-INST-022-软件采购与许可管理规定.md,制度类,云启科技自编,自己编写,2026-08-18,部门,信息技术部,已清洗,模拟制度，含采购审批、许可台账、开源合规,,自编模拟文档
YQ-INST-023,institutional/YQ-INST-023-供应商管理制度.md,制度类,云启科技自编,自己编写,2026-08-18,部门,采购部,已清洗,模拟制度，含准入、评估、淘汰,,自编模拟文档
YQ-INST-024,institutional/YQ-INST-024-合同管理办法.md,制度类,云启科技自编,自己编写,2026-08-18,管理员,法务部,已清洗,模拟制度，含评审、盖章、归档,,自编模拟文档
YQ-INST-025,institutional/YQ-INST-025-档案管理办法.md,制度类,云启科技自编,自己编写,2026-08-18,管理员,行政部,已清洗,模拟制度，含归档范围、保管期限、借阅,,自编模拟文档
YQ-INST-026,institutional/YQ-INST-026-产品发布上线规范.md,制度类,云启科技自编,自己编写,2026-08-18,部门,研发中心,已清洗,模拟制度，含发布流程、灰度、回滚、上线审批,,自编模拟文档
YQ-INST-027,institutional/YQ-INST-027-研发代码管理规范.md,制度类,云启科技自编,自己编写,2026-08-18,部门,研发中心,已清洗,模拟制度，含分支、评审、提交、CI/CD,,自编模拟文档
YQ-INST-028,institutional/YQ-INST-028-技术变更管理办法.md,制度类,云启科技自编,自己编写,2026-08-18,管理员,信息技术部,已清洗,模拟制度，含变更分级、审批、实施、回滚,,自编模拟文档
YQ-INST-029,institutional/YQ-INST-029-客户资料管理规定.md,制度类,云启科技自编,自己编写,2026-08-18,部门,市场与销售部,已清洗,模拟制度，含录入、访问、导出、删除,,自编模拟文档
YQ-INST-030,institutional/YQ-INST-030-知识产权管理办法.md,制度类,云启科技自编,自己编写,2026-08-18,管理员,法务部,已清洗,模拟制度，含权属、申请、使用、维权,,自编模拟文档
YQ-TECH-DOCKER-001,technical/docker/get-started/docker-overview.md,技术文档类,docker 官方文档,GitHub/官网下载,2026-08-18,全员,资料管理组,已清洗,,https://github.com/docker/docs/blob/main/content/get-started/docker-overview.md,Apache-2.0
YQ-TECH-DOCKER-002,technical/docker/get-started/get-docker.md,技术文档类,docker 官方文档,GitHub/官网下载,2026-08-18,全员,资料管理组,已清洗,,https://github.com/docker/docs/blob/main/content/get-started/get-docker.md,Apache-2.0
YQ-TECH-DOCKER-003,technical/docker/get-started/docker-concepts/the-basics/what-is-a-container.md,技术文档类,docker 官方文档,GitHub/官网下载,2026-08-18,全员,资料管理组,已清洗,,https://github.com/docker/docs/blob/main/content/get-started/docker-concepts/the-basics/what-is-a-container.md,Apache-2.0
YQ-TECH-DOCKER-004,technical/docker/get-started/docker-concepts/the-basics/what-is-an-image.md,技术文档类,docker 官方文档,GitHub/官网下载,2026-08-18,全员,资料管理组,已清洗,,https://github.com/docker/docs/blob/main/content/get-started/docker-concepts/the-basics/what-is-an-image.md,Apache-2.0
YQ-TECH-DOCKER-005,technical/docker/get-started/docker-concepts/the-basics/what-is-a-registry.md,技术文档类,docker 官方文档,GitHub/官网下载,2026-08-18,全员,资料管理组,已清洗,,https://github.com/docker/docs/blob/main/content/get-started/docker-concepts/the-basics/what-is-a-registry.md,Apache-2.0
YQ-TECH-DOCKER-006,technical/docker/get-started/docker-concepts/the-basics/what-is-docker-compose.md,技术文档类,docker 官方文档,GitHub/官网下载,2026-08-18,全员,资料管理组,已清洗,,https://github.com/docker/docs/blob/main/content/get-started/docker-concepts/the-basics/what-is-docker-compose.md,Apache-2.0
YQ-TECH-DOCKER-007,technical/docker/get-started/docker-concepts/building-images/writing-a-dockerfile.md,技术文档类,docker 官方文档,GitHub/官网下载,2026-08-18,全员,资料管理组,已清洗,,https://github.com/docker/docs/blob/main/content/get-started/docker-concepts/building-images/writing-a-dockerfile.md,Apache-2.0
YQ-TECH-DOCKER-008,technical/docker/get-started/docker-concepts/building-images/multi-stage-builds.md,技术文档类,docker 官方文档,GitHub/官网下载,2026-08-18,全员,资料管理组,已清洗,,https://github.com/docker/docs/blob/main/content/get-started/docker-concepts/building-images/multi-stage-builds.md,Apache-2.0
YQ-TECH-DOCKER-009,technical/docker/get-started/docker-concepts/building-images/using-the-build-cache.md,技术文档类,docker 官方文档,GitHub/官网下载,2026-08-18,全员,资料管理组,已清洗,,https://github.com/docker/docs/blob/main/content/get-started/docker-concepts/building-images/using-the-build-cache.md,Apache-2.0
YQ-TECH-DOCKER-010,technical/docker/get-started/docker-concepts/building-images/understanding-image-layers.md,技术文档类,docker 官方文档,GitHub/官网下载,2026-08-18,全员,资料管理组,已清洗,,https://github.com/docker/docs/blob/main/content/get-started/docker-concepts/building-images/understanding-image-layers.md,Apache-2.0
YQ-TECH-DOCKER-011,technical/docker/get-started/docker-concepts/building-images/build-tag-and-publish-an-image.md,技术文档类,docker 官方文档,GitHub/官网下载,2026-08-18,全员,资料管理组,已清洗,,https://github.com/docker/docs/blob/main/content/get-started/docker-concepts/building-images/build-tag-and-publish-an-image.md,Apache-2.0
YQ-TECH-DOCKER-012,technical/docker/get-started/docker-concepts/running-containers/publishing-ports.md,技术文档类,docker 官方文档,GitHub/官网下载,2026-08-18,全员,资料管理组,已清洗,,https://github.com/docker/docs/blob/main/content/get-started/docker-concepts/running-containers/publishing-ports.md,Apache-2.0
YQ-TECH-DOCKER-013,technical/docker/get-started/docker-concepts/running-containers/persisting-container-data.md,技术文档类,docker 官方文档,GitHub/官网下载,2026-08-18,全员,资料管理组,已清洗,,https://github.com/docker/docs/blob/main/content/get-started/docker-concepts/running-containers/persisting-container-data.md,Apache-2.0
YQ-TECH-DOCKER-014,technical/docker/get-started/docker-concepts/running-containers/sharing-local-files.md,技术文档类,docker 官方文档,GitHub/官网下载,2026-08-18,全员,资料管理组,已清洗,,https://github.com/docker/docs/blob/main/content/get-started/docker-concepts/running-containers/sharing-local-files.md,Apache-2.0
YQ-TECH-DOCKER-015,technical/docker/get-started/docker-concepts/running-containers/overriding-container-defaults.md,技术文档类,docker 官方文档,GitHub/官网下载,2026-08-18,全员,资料管理组,已清洗,,https://github.com/docker/docs/blob/main/content/get-started/docker-concepts/running-containers/overriding-container-defaults.md,Apache-2.0
YQ-TECH-DOCKER-016,technical/docker/get-started/docker-concepts/running-containers/multi-container-applications.md,技术文档类,docker 官方文档,GitHub/官网下载,2026-08-18,全员,资料管理组,已清洗,,https://github.com/docker/docs/blob/main/content/get-started/docker-concepts/running-containers/multi-container-applications.md,Apache-2.0
YQ-TECH-DOCKER-017,technical/docker/get-started/introduction/build-and-push-first-image.md,技术文档类,docker 官方文档,GitHub/官网下载,2026-08-18,全员,资料管理组,已清洗,,https://github.com/docker/docs/blob/main/content/get-started/introduction/build-and-push-first-image.md,Apache-2.0
YQ-TECH-DOCKER-018,technical/docker/get-started/introduction/develop-with-containers.md,技术文档类,docker 官方文档,GitHub/官网下载,2026-08-18,全员,资料管理组,已清洗,,https://github.com/docker/docs/blob/main/content/get-started/introduction/develop-with-containers.md,Apache-2.0
YQ-TECH-DOCKER-019,technical/docker/get-started/introduction/get-docker-desktop.md,技术文档类,docker 官方文档,GitHub/官网下载,2026-08-18,全员,资料管理组,已清洗,,https://github.com/docker/docs/blob/main/content/get-started/introduction/get-docker-desktop.md,Apache-2.0
YQ-TECH-DOCKER-020,technical/docker/get-started/workshop/02_our_app.md,技术文档类,docker 官方文档,GitHub/官网下载,2026-08-18,全员,资料管理组,已清洗,,https://github.com/docker/docs/blob/main/content/get-started/workshop/02_our_app.md,Apache-2.0
YQ-TECH-DOCKER-021,technical/docker/get-started/workshop/05_persisting_data.md,技术文档类,docker 官方文档,GitHub/官网下载,2026-08-18,全员,资料管理组,已清洗,,https://github.com/docker/docs/blob/main/content/get-started/workshop/05_persisting_data.md,Apache-2.0
YQ-TECH-DOCKER-022,technical/docker/get-started/workshop/06_bind_mounts.md,技术文档类,docker 官方文档,GitHub/官网下载,2026-08-18,全员,资料管理组,已清洗,,https://github.com/docker/docs/blob/main/content/get-started/workshop/06_bind_mounts.md,Apache-2.0
YQ-TECH-DOCKER-023,technical/docker/get-started/workshop/07_multi_container.md,技术文档类,docker 官方文档,GitHub/官网下载,2026-08-18,全员,资料管理组,已清洗,,https://github.com/docker/docs/blob/main/content/get-started/workshop/07_multi_container.md,Apache-2.0
YQ-TECH-DOCKER-024,technical/docker/get-started/workshop/08_using_compose.md,技术文档类,docker 官方文档,GitHub/官网下载,2026-08-18,全员,资料管理组,已清洗,,https://github.com/docker/docs/blob/main/content/get-started/workshop/08_using_compose.md,Apache-2.0
YQ-TECH-DOCKER-025,technical/docker/get-started/workshop/09_image_best.md,技术文档类,docker 官方文档,GitHub/官网下载,2026-08-18,全员,资料管理组,已清洗,,https://github.com/docker/docs/blob/main/content/get-started/workshop/09_image_best.md,Apache-2.0
YQ-TECH-DOCKER-026,technical/docker/guides/docker-compose.md,技术文档类,docker 官方文档,GitHub/官网下载,2026-08-18,全员,资料管理组,已清洗,,https://github.com/docker/docs/blob/main/content/guides/docker-compose.md,Apache-2.0
YQ-TECH-DOCKER-027,technical/docker/guides/compose-bake.md,技术文档类,docker 官方文档,GitHub/官网下载,2026-08-18,全员,资料管理组,已清洗,,https://github.com/docker/docs/blob/main/content/guides/compose-bake.md,Apache-2.0
YQ-TECH-DOCKER-028,technical/docker/guides/databases.md,技术文档类,docker 官方文档,GitHub/官网下载,2026-08-18,全员,资料管理组,已清洗,,https://github.com/docker/docs/blob/main/content/guides/databases.md,Apache-2.0
YQ-TECH-DOCKER-029,technical/docker/guides/kafka.md,技术文档类,docker 官方文档,GitHub/官网下载,2026-08-18,全员,资料管理组,已清洗,,https://github.com/docker/docs/blob/main/content/guides/kafka.md,Apache-2.0
YQ-TECH-DOCKER-030,technical/docker/guides/go-prometheus-monitoring.md,技术文档类,docker 官方文档,GitHub/官网下载,2026-08-18,全员,资料管理组,已清洗,,https://github.com/docker/docs/blob/main/content/guides/go-prometheus-monitoring.md,Apache-2.0
YQ-TECH-DOCKER-031,technical/docker/guides/django.md,技术文档类,docker 官方文档,GitHub/官网下载,2026-08-18,全员,资料管理组,已清洗,,https://github.com/docker/docs/blob/main/content/guides/django.md,Apache-2.0
YQ-TECH-DOCKER-032,technical/docker/guides/docker-scout.md,技术文档类,docker 官方文档,GitHub/官网下载,2026-08-18,全员,资料管理组,已清洗,,https://github.com/docker/docs/blob/main/content/guides/docker-scout.md,Apache-2.0
YQ-TECH-DOCKER-033,technical/docker/guides/kube-deploy.md,技术文档类,docker 官方文档,GitHub/官网下载,2026-08-18,全员,资料管理组,已清洗,,https://github.com/docker/docs/blob/main/content/guides/kube-deploy.md,Apache-2.0
YQ-TECH-DOCKER-034,technical/docker/guides/bake.md,技术文档类,docker 官方文档,GitHub/官网下载,2026-08-18,全员,资料管理组,已清洗,,https://github.com/docker/docs/blob/main/content/guides/bake.md,Apache-2.0
YQ-TECH-DOCKER-035,technical/docker/guides/gha.md,技术文档类,docker 官方文档,GitHub/官网下载,2026-08-18,全员,资料管理组,已清洗,,https://github.com/docker/docs/blob/main/content/guides/gha.md,Apache-2.0
YQ-TECH-DOCKER-036,technical/docker/guides/azure-pipelines.md,技术文档类,docker 官方文档,GitHub/官网下载,2026-08-18,全员,资料管理组,已清洗,,https://github.com/docker/docs/blob/main/content/guides/azure-pipelines.md,Apache-2.0
YQ-TECH-DOCKER-037,technical/docker/guides/container-supported-development.md,技术文档类,docker 官方文档,GitHub/官网下载,2026-08-18,全员,资料管理组,已清洗,,https://github.com/docker/docs/blob/main/content/guides/container-supported-development.md,Apache-2.0
YQ-TECH-DOCKER-038,technical/docker/guides/agentic-ai.md,技术文档类,docker 官方文档,GitHub/官网下载,2026-08-18,全员,资料管理组,已清洗,,https://github.com/docker/docs/blob/main/content/guides/agentic-ai.md,Apache-2.0
YQ-TECH-FASTAPI-001,technical/fastapi/features.md,技术文档类,fastapi 官方文档,GitHub/官网下载,2026-08-18,全员,资料管理组,已清洗,,https://github.com/fastapi/fastapi/blob/master/docs/en/docs/features.md,MIT
YQ-TECH-FASTAPI-002,technical/fastapi/async.md,技术文档类,fastapi 官方文档,GitHub/官网下载,2026-08-18,全员,资料管理组,已清洗,,https://github.com/fastapi/fastapi/blob/master/docs/en/docs/async.md,MIT
YQ-TECH-FASTAPI-003,technical/fastapi/alternatives.md,技术文档类,fastapi 官方文档,GitHub/官网下载,2026-08-18,全员,资料管理组,已清洗,,https://github.com/fastapi/fastapi/blob/master/docs/en/docs/alternatives.md,MIT
YQ-TECH-FASTAPI-004,technical/fastapi/tutorial/first-steps.md,技术文档类,fastapi 官方文档,GitHub/官网下载,2026-08-18,全员,资料管理组,已清洗,,https://github.com/fastapi/fastapi/blob/master/docs/en/docs/tutorial/first-steps.md,MIT
YQ-TECH-FASTAPI-005,technical/fastapi/tutorial/path-params.md,技术文档类,fastapi 官方文档,GitHub/官网下载,2026-08-18,全员,资料管理组,已清洗,,https://github.com/fastapi/fastapi/blob/master/docs/en/docs/tutorial/path-params.md,MIT
YQ-TECH-FASTAPI-006,technical/fastapi/tutorial/query-params.md,技术文档类,fastapi 官方文档,GitHub/官网下载,2026-08-18,全员,资料管理组,已清洗,,https://github.com/fastapi/fastapi/blob/master/docs/en/docs/tutorial/query-params.md,MIT
YQ-TECH-FASTAPI-007,technical/fastapi/tutorial/body.md,技术文档类,fastapi 官方文档,GitHub/官网下载,2026-08-18,全员,资料管理组,已清洗,,https://github.com/fastapi/fastapi/blob/master/docs/en/docs/tutorial/body.md,MIT
YQ-TECH-FASTAPI-008,technical/fastapi/tutorial/body-updates.md,技术文档类,fastapi 官方文档,GitHub/官网下载,2026-08-18,全员,资料管理组,已清洗,,https://github.com/fastapi/fastapi/blob/master/docs/en/docs/tutorial/body-updates.md,MIT
YQ-TECH-FASTAPI-009,technical/fastapi/tutorial/query-params-str-validations.md,技术文档类,fastapi 官方文档,GitHub/官网下载,2026-08-18,全员,资料管理组,已清洗,,https://github.com/fastapi/fastapi/blob/master/docs/en/docs/tutorial/query-params-str-validations.md,MIT
YQ-TECH-FASTAPI-010,technical/fastapi/tutorial/path-params-numeric-validations.md,技术文档类,fastapi 官方文档,GitHub/官网下载,2026-08-18,全员,资料管理组,已清洗,,https://github.com/fastapi/fastapi/blob/master/docs/en/docs/tutorial/path-params-numeric-validations.md,MIT
YQ-TECH-FASTAPI-011,technical/fastapi/tutorial/response-model.md,技术文档类,fastapi 官方文档,GitHub/官网下载,2026-08-18,全员,资料管理组,已清洗,,https://github.com/fastapi/fastapi/blob/master/docs/en/docs/tutorial/response-model.md,MIT
YQ-TECH-FASTAPI-012,technical/fastapi/tutorial/extra-models.md,技术文档类,fastapi 官方文档,GitHub/官网下载,2026-08-18,全员,资料管理组,已清洗,,https://github.com/fastapi/fastapi/blob/master/docs/en/docs/tutorial/extra-models.md,MIT
YQ-TECH-FASTAPI-013,technical/fastapi/tutorial/handling-errors.md,技术文档类,fastapi 官方文档,GitHub/官网下载,2026-08-18,全员,资料管理组,已清洗,,https://github.com/fastapi/fastapi/blob/master/docs/en/docs/tutorial/handling-errors.md,MIT
YQ-TECH-FASTAPI-014,technical/fastapi/tutorial/request-files.md,技术文档类,fastapi 官方文档,GitHub/官网下载,2026-08-18,全员,资料管理组,已清洗,,https://github.com/fastapi/fastapi/blob/master/docs/en/docs/tutorial/request-files.md,MIT
YQ-TECH-FASTAPI-015,technical/fastapi/tutorial/sql-databases.md,技术文档类,fastapi 官方文档,GitHub/官网下载,2026-08-18,全员,资料管理组,已清洗,,https://github.com/fastapi/fastapi/blob/master/docs/en/docs/tutorial/sql-databases.md,MIT
YQ-TECH-FASTAPI-016,technical/fastapi/tutorial/dependencies/index.md,技术文档类,fastapi 官方文档,GitHub/官网下载,2026-08-18,全员,资料管理组,已清洗,,https://github.com/fastapi/fastapi/blob/master/docs/en/docs/tutorial/dependencies/index.md,MIT
YQ-TECH-FASTAPI-017,technical/fastapi/tutorial/security/first-steps.md,技术文档类,fastapi 官方文档,GitHub/官网下载,2026-08-18,全员,资料管理组,已清洗,,https://github.com/fastapi/fastapi/blob/master/docs/en/docs/tutorial/security/first-steps.md,MIT
YQ-TECH-FASTAPI-018,technical/fastapi/tutorial/security/oauth2-jwt.md,技术文档类,fastapi 官方文档,GitHub/官网下载,2026-08-18,全员,资料管理组,已清洗,,https://github.com/fastapi/fastapi/blob/master/docs/en/docs/tutorial/security/oauth2-jwt.md,MIT
YQ-TECH-FASTAPI-019,technical/fastapi/tutorial/testing.md,技术文档类,fastapi 官方文档,GitHub/官网下载,2026-08-18,全员,资料管理组,已清洗,,https://github.com/fastapi/fastapi/blob/master/docs/en/docs/tutorial/testing.md,MIT
YQ-TECH-FASTAPI-020,technical/fastapi/tutorial/cors.md,技术文档类,fastapi 官方文档,GitHub/官网下载,2026-08-18,全员,资料管理组,已清洗,,https://github.com/fastapi/fastapi/blob/master/docs/en/docs/tutorial/cors.md,MIT
YQ-TECH-FASTAPI-021,technical/fastapi/tutorial/middleware.md,技术文档类,fastapi 官方文档,GitHub/官网下载,2026-08-18,全员,资料管理组,已清洗,,https://github.com/fastapi/fastapi/blob/master/docs/en/docs/tutorial/middleware.md,MIT
YQ-TECH-FASTAPI-022,technical/fastapi/tutorial/static-files.md,技术文档类,fastapi 官方文档,GitHub/官网下载,2026-08-18,全员,资料管理组,已清洗,,https://github.com/fastapi/fastapi/blob/master/docs/en/docs/tutorial/static-files.md,MIT
YQ-TECH-FASTAPI-023,technical/fastapi/tutorial/background-tasks.md,技术文档类,fastapi 官方文档,GitHub/官网下载,2026-08-18,全员,资料管理组,已清洗,,https://github.com/fastapi/fastapi/blob/master/docs/en/docs/tutorial/background-tasks.md,MIT
YQ-TECH-FASTAPI-024,technical/fastapi/advanced/websockets.md,技术文档类,fastapi 官方文档,GitHub/官网下载,2026-08-18,全员,资料管理组,已清洗,,https://github.com/fastapi/fastapi/blob/master/docs/en/docs/advanced/websockets.md,MIT
YQ-TECH-FASTAPI-025,technical/fastapi/advanced/middleware.md,技术文档类,fastapi 官方文档,GitHub/官网下载,2026-08-18,全员,资料管理组,已清洗,,https://github.com/fastapi/fastapi/blob/master/docs/en/docs/advanced/middleware.md,MIT
YQ-TECH-FASTAPI-026,technical/fastapi/advanced/events.md,技术文档类,fastapi 官方文档,GitHub/官网下载,2026-08-18,全员,资料管理组,已清洗,,https://github.com/fastapi/fastapi/blob/master/docs/en/docs/advanced/events.md,MIT
YQ-TECH-FASTAPI-027,technical/fastapi/advanced/async-tests.md,技术文档类,fastapi 官方文档,GitHub/官网下载,2026-08-18,全员,资料管理组,已清洗,,https://github.com/fastapi/fastapi/blob/master/docs/en/docs/advanced/async-tests.md,MIT
YQ-TECH-FASTAPI-028,technical/fastapi/advanced/behind-a-proxy.md,技术文档类,fastapi 官方文档,GitHub/官网下载,2026-08-18,全员,资料管理组,已清洗,,https://github.com/fastapi/fastapi/blob/master/docs/en/docs/advanced/behind-a-proxy.md,MIT
YQ-TECH-FASTAPI-029,technical/fastapi/advanced/generate-clients.md,技术文档类,fastapi 官方文档,GitHub/官网下载,2026-08-18,全员,资料管理组,已清洗,,https://github.com/fastapi/fastapi/blob/master/docs/en/docs/advanced/generate-clients.md,MIT
YQ-TECH-FASTAPI-030,technical/fastapi/advanced/testing-dependencies.md,技术文档类,fastapi 官方文档,GitHub/官网下载,2026-08-18,全员,资料管理组,已清洗,,https://github.com/fastapi/fastapi/blob/master/docs/en/docs/advanced/testing-dependencies.md,MIT
YQ-TECH-FASTAPI-031,technical/fastapi/deployment/index.md,技术文档类,fastapi 官方文档,GitHub/官网下载,2026-08-18,全员,资料管理组,已清洗,,https://github.com/fastapi/fastapi/blob/master/docs/en/docs/deployment/index.md,MIT
YQ-TECH-FASTAPI-032,technical/fastapi/deployment/docker.md,技术文档类,fastapi 官方文档,GitHub/官网下载,2026-08-18,全员,资料管理组,已清洗,,https://github.com/fastapi/fastapi/blob/master/docs/en/docs/deployment/docker.md,MIT
YQ-TECH-FASTAPI-033,technical/fastapi/deployment/versions.md,技术文档类,fastapi 官方文档,GitHub/官网下载,2026-08-18,全员,资料管理组,已清洗,,https://github.com/fastapi/fastapi/blob/master/docs/en/docs/deployment/versions.md,MIT
YQ-TECH-LANGCHAIN-001,technical/langchain/concepts/context.md,技术文档类,langchain 官方文档,GitHub/官网下载,2026-08-18,全员,资料管理组,已清洗,,https://github.com/langchain-ai/docs/blob/main/src/oss/concepts/context.mdx,MIT
YQ-TECH-LANGCHAIN-002,technical/langchain/concepts/memory.md,技术文档类,langchain 官方文档,GitHub/官网下载,2026-08-18,全员,资料管理组,已清洗,,https://github.com/langchain-ai/docs/blob/main/src/oss/concepts/memory.mdx,MIT
YQ-TECH-LANGCHAIN-003,technical/langchain/concepts/providers-and-models.md,技术文档类,langchain 官方文档,GitHub/官网下载,2026-08-18,全员,资料管理组,已清洗,,https://github.com/langchain-ai/docs/blob/main/src/oss/concepts/providers-and-models.mdx,MIT
YQ-TECH-LANGCHAIN-004,technical/langchain/langchain/overview.md,技术文档类,langchain 官方文档,GitHub/官网下载,2026-08-18,全员,资料管理组,已清洗,,https://github.com/langchain-ai/docs/blob/main/src/oss/langchain/overview.mdx,MIT
YQ-TECH-LANGCHAIN-005,technical/langchain/langchain/quickstart.md,技术文档类,langchain 官方文档,GitHub/官网下载,2026-08-18,全员,资料管理组,已清洗,,https://github.com/langchain-ai/docs/blob/main/src/oss/langchain/quickstart.mdx,MIT
YQ-TECH-LANGCHAIN-006,technical/langchain/langchain/install.md,技术文档类,langchain 官方文档,GitHub/官网下载,2026-08-18,全员,资料管理组,已清洗,,https://github.com/langchain-ai/docs/blob/main/src/oss/langchain/install.mdx,MIT
YQ-TECH-LANGCHAIN-007,technical/langchain/langchain/agents.md,技术文档类,langchain 官方文档,GitHub/官网下载,2026-08-18,全员,资料管理组,已清洗,,https://github.com/langchain-ai/docs/blob/main/src/oss/langchain/agents.mdx,MIT
YQ-TECH-LANGCHAIN-008,technical/langchain/langchain/models.md,技术文档类,langchain 官方文档,GitHub/官网下载,2026-08-18,全员,资料管理组,已清洗,,https://github.com/langchain-ai/docs/blob/main/src/oss/langchain/models.mdx,MIT
YQ-TECH-LANGCHAIN-009,technical/langchain/langchain/messages.md,技术文档类,langchain 官方文档,GitHub/官网下载,2026-08-18,全员,资料管理组,已清洗,,https://github.com/langchain-ai/docs/blob/main/src/oss/langchain/messages.mdx,MIT
YQ-TECH-LANGCHAIN-010,technical/langchain/langchain/tools.md,技术文档类,langchain 官方文档,GitHub/官网下载,2026-08-18,全员,资料管理组,已清洗,,https://github.com/langchain-ai/docs/blob/main/src/oss/langchain/tools.mdx,MIT
YQ-TECH-LANGCHAIN-011,technical/langchain/langchain/retrieval.md,技术文档类,langchain 官方文档,GitHub/官网下载,2026-08-18,全员,资料管理组,已清洗,,https://github.com/langchain-ai/docs/blob/main/src/oss/langchain/retrieval.mdx,MIT
YQ-TECH-LANGCHAIN-012,technical/langchain/langchain/knowledge-base.md,技术文档类,langchain 官方文档,GitHub/官网下载,2026-08-18,全员,资料管理组,已清洗,,https://github.com/langchain-ai/docs/blob/main/src/oss/langchain/knowledge-base.mdx,MIT
YQ-TECH-LANGCHAIN-013,technical/langchain/langchain/structured-output.md,技术文档类,langchain 官方文档,GitHub/官网下载,2026-08-18,全员,资料管理组,已清洗,,https://github.com/langchain-ai/docs/blob/main/src/oss/langchain/structured-output.mdx,MIT
YQ-TECH-LANGCHAIN-014,technical/langchain/langchain/streaming.md,技术文档类,langchain 官方文档,GitHub/官网下载,2026-08-18,全员,资料管理组,已清洗,,https://github.com/langchain-ai/docs/blob/main/src/oss/langchain/streaming.mdx,MIT
YQ-TECH-LANGCHAIN-015,technical/langchain/langchain/human-in-the-loop.md,技术文档类,langchain 官方文档,GitHub/官网下载,2026-08-18,全员,资料管理组,已清洗,,https://github.com/langchain-ai/docs/blob/main/src/oss/langchain/human-in-the-loop.mdx,MIT
YQ-TECH-LANGCHAIN-016,technical/langchain/langchain/observability.md,技术文档类,langchain 官方文档,GitHub/官网下载,2026-08-18,全员,资料管理组,已清洗,,https://github.com/langchain-ai/docs/blob/main/src/oss/langchain/observability.mdx,MIT
YQ-TECH-LANGCHAIN-017,technical/langchain/langchain/event-streaming.md,技术文档类,langchain 官方文档,GitHub/官网下载,2026-08-18,全员,资料管理组,已清洗,,https://github.com/langchain-ai/docs/blob/main/src/oss/langchain/event-streaming.mdx,MIT
YQ-TECH-LANGCHAIN-018,technical/langchain/langchain/mcp.md,技术文档类,langchain 官方文档,GitHub/官网下载,2026-08-18,全员,资料管理组,已清洗,,https://github.com/langchain-ai/docs/blob/main/src/oss/langchain/mcp.mdx,MIT
YQ-TECH-LANGCHAIN-019,technical/langchain/langchain/middleware/overview.md,技术文档类,langchain 官方文档,GitHub/官网下载,2026-08-18,全员,资料管理组,已清洗,,https://github.com/langchain-ai/docs/blob/main/src/oss/langchain/middleware/overview.mdx,MIT
YQ-TECH-LANGCHAIN-020,technical/langchain/langchain/multi-agent/index.md,技术文档类,langchain 官方文档,GitHub/官网下载,2026-08-18,全员,资料管理组,已清洗,,https://github.com/langchain-ai/docs/blob/main/src/oss/langchain/multi-agent/index.mdx,MIT
YQ-TECH-LANGCHAIN-021,technical/langchain/langchain/multi-agent/subagents.md,技术文档类,langchain 官方文档,GitHub/官网下载,2026-08-18,全员,资料管理组,已清洗,,https://github.com/langchain-ai/docs/blob/main/src/oss/langchain/multi-agent/subagents.mdx,MIT
YQ-TECH-LANGCHAIN-022,technical/langchain/langchain/test/evals.md,技术文档类,langchain 官方文档,GitHub/官网下载,2026-08-18,全员,资料管理组,已清洗,,https://github.com/langchain-ai/docs/blob/main/src/oss/langchain/test/evals.mdx,MIT
YQ-TECH-LANGCHAIN-023,technical/langchain/langgraph/overview.md,技术文档类,langchain 官方文档,GitHub/官网下载,2026-08-18,全员,资料管理组,已清洗,,https://github.com/langchain-ai/docs/blob/main/src/oss/langgraph/overview.mdx,MIT
YQ-TECH-LANGCHAIN-024,technical/langchain/langgraph/quickstart.md,技术文档类,langchain 官方文档,GitHub/官网下载,2026-08-18,全员,资料管理组,已清洗,,https://github.com/langchain-ai/docs/blob/main/src/oss/langgraph/quickstart.mdx,MIT
YQ-TECH-LANGCHAIN-025,technical/langchain/langgraph/graph-api.md,技术文档类,langchain 官方文档,GitHub/官网下载,2026-08-18,全员,资料管理组,已清洗,,https://github.com/langchain-ai/docs/blob/main/src/oss/langgraph/graph-api.mdx,MIT
YQ-TECH-LANGCHAIN-026,technical/langchain/langgraph/functional-api.md,技术文档类,langchain 官方文档,GitHub/官网下载,2026-08-18,全员,资料管理组,已清洗,,https://github.com/langchain-ai/docs/blob/main/src/oss/langgraph/functional-api.mdx,MIT
YQ-TECH-LANGCHAIN-027,technical/langchain/langgraph/agentic-rag.md,技术文档类,langchain 官方文档,GitHub/官网下载,2026-08-18,全员,资料管理组,已清洗,,https://github.com/langchain-ai/docs/blob/main/src/oss/langgraph/agentic-rag.mdx,MIT
YQ-TECH-LANGCHAIN-028,technical/langchain/langgraph/persistence.md,技术文档类,langchain 官方文档,GitHub/官网下载,2026-08-18,全员,资料管理组,已清洗,,https://github.com/langchain-ai/docs/blob/main/src/oss/langgraph/persistence.mdx,MIT
YQ-TECH-LANGCHAIN-029,technical/langchain/langgraph/streaming.md,技术文档类,langchain 官方文档,GitHub/官网下载,2026-08-18,全员,资料管理组,已清洗,,https://github.com/langchain-ai/docs/blob/main/src/oss/langgraph/streaming.mdx,MIT
YQ-TECH-LANGCHAIN-030,technical/langchain/langgraph/deploy.md,技术文档类,langchain 官方文档,GitHub/官网下载,2026-08-18,全员,资料管理组,已清洗,,https://github.com/langchain-ai/docs/blob/main/src/oss/langgraph/deploy.mdx,MIT
YQ-TECH-POSTGRESQL-001,technical/postgresql/tutorial.md,技术文档类,postgresql 官方文档,GitHub/官网下载,2026-08-18,全员,资料管理组,已清洗,PostgreSQL: Documentation: 18: Part I. Tutorial,https://www.postgresql.org/docs/current/tutorial.html,PostgreSQL License
YQ-TECH-POSTGRESQL-002,technical/postgresql/tutorial-createdb.md,技术文档类,postgresql 官方文档,GitHub/官网下载,2026-08-18,全员,资料管理组,已清洗,PostgreSQL: Documentation: 18: 1.3. Creating a Database,https://www.postgresql.org/docs/current/tutorial-createdb.html,PostgreSQL License
YQ-TECH-POSTGRESQL-003,technical/postgresql/tutorial-select.md,技术文档类,postgresql 官方文档,GitHub/官网下载,2026-08-18,全员,资料管理组,已清洗,PostgreSQL: Documentation: 18: 2.5. Querying a Table,https://www.postgresql.org/docs/current/tutorial-select.html,PostgreSQL License
YQ-TECH-POSTGRESQL-004,technical/postgresql/tutorial-join.md,技术文档类,postgresql 官方文档,GitHub/官网下载,2026-08-18,全员,资料管理组,已清洗,PostgreSQL: Documentation: 18: 2.6. Joins Between Tables,https://www.postgresql.org/docs/current/tutorial-join.html,PostgreSQL License
YQ-TECH-POSTGRESQL-005,technical/postgresql/tutorial-advanced.md,技术文档类,postgresql 官方文档,GitHub/官网下载,2026-08-18,全员,资料管理组,已清洗,PostgreSQL: Documentation: 18: Chapter 3. Advanced Features,https://www.postgresql.org/docs/current/tutorial-advanced.html,PostgreSQL License
YQ-TECH-POSTGRESQL-006,technical/postgresql/tutorial-window.md,技术文档类,postgresql 官方文档,GitHub/官网下载,2026-08-18,全员,资料管理组,已清洗,PostgreSQL: Documentation: 18: 3.5. Window Functions,https://www.postgresql.org/docs/current/tutorial-window.html,PostgreSQL License
YQ-TECH-POSTGRESQL-007,technical/postgresql/ddl.md,技术文档类,postgresql 官方文档,GitHub/官网下载,2026-08-18,全员,资料管理组,已清洗,PostgreSQL: Documentation: 18: Chapter 5. Data Definition,https://www.postgresql.org/docs/current/ddl.html,PostgreSQL License
YQ-TECH-POSTGRESQL-008,technical/postgresql/ddl-basics.md,技术文档类,postgresql 官方文档,GitHub/官网下载,2026-08-18,全员,资料管理组,已清洗,PostgreSQL: Documentation: 18: 5.1. Table Basics,https://www.postgresql.org/docs/current/ddl-basics.html,PostgreSQL License
YQ-TECH-POSTGRESQL-009,technical/postgresql/ddl-constraints.md,技术文档类,postgresql 官方文档,GitHub/官网下载,2026-08-18,全员,资料管理组,已清洗,PostgreSQL: Documentation: 18: 5.5. Constraints,https://www.postgresql.org/docs/current/ddl-constraints.html,PostgreSQL License
YQ-TECH-POSTGRESQL-010,technical/postgresql/ddl-partitioning.md,技术文档类,postgresql 官方文档,GitHub/官网下载,2026-08-18,全员,资料管理组,已清洗,PostgreSQL: Documentation: 18: 5.12. Table Partitioning,https://www.postgresql.org/docs/current/ddl-partitioning.html,PostgreSQL License
YQ-TECH-POSTGRESQL-011,technical/postgresql/queries.md,技术文档类,postgresql 官方文档,GitHub/官网下载,2026-08-18,全员,资料管理组,已清洗,PostgreSQL: Documentation: 18: Chapter 7. Queries,https://www.postgresql.org/docs/current/queries.html,PostgreSQL License
YQ-TECH-POSTGRESQL-012,technical/postgresql/queries-select-lists.md,技术文档类,postgresql 官方文档,GitHub/官网下载,2026-08-18,全员,资料管理组,已清洗,PostgreSQL: Documentation: 18: 7.3. Select Lists,https://www.postgresql.org/docs/current/queries-select-lists.html,PostgreSQL License
YQ-TECH-POSTGRESQL-013,technical/postgresql/queries-table-expressions.md,技术文档类,postgresql 官方文档,GitHub/官网下载,2026-08-18,全员,资料管理组,已清洗,PostgreSQL: Documentation: 18: 7.2. Table Expressions,https://www.postgresql.org/docs/current/queries-table-expressions.html,PostgreSQL License
YQ-TECH-POSTGRESQL-014,technical/postgresql/queries-with.md,技术文档类,postgresql 官方文档,GitHub/官网下载,2026-08-18,全员,资料管理组,已清洗,PostgreSQL: Documentation: 18: 7.8. WITH Queries (Common Table Expressions),https://www.postgresql.org/docs/current/queries-with.html,PostgreSQL License
YQ-TECH-POSTGRESQL-015,technical/postgresql/queries-limit.md,技术文档类,postgresql 官方文档,GitHub/官网下载,2026-08-18,全员,资料管理组,已清洗,PostgreSQL: Documentation: 18: 7.6. LIMIT and OFFSET,https://www.postgresql.org/docs/current/queries-limit.html,PostgreSQL License
YQ-TECH-POSTGRESQL-016,technical/postgresql/sql-select.md,技术文档类,postgresql 官方文档,GitHub/官网下载,2026-08-18,全员,资料管理组,已清洗,PostgreSQL: Documentation: 18: SELECT,https://www.postgresql.org/docs/current/sql-select.html,PostgreSQL License
YQ-TECH-POSTGRESQL-017,technical/postgresql/sql-insert.md,技术文档类,postgresql 官方文档,GitHub/官网下载,2026-08-18,全员,资料管理组,已清洗,PostgreSQL: Documentation: 18: INSERT,https://www.postgresql.org/docs/current/sql-insert.html,PostgreSQL License
YQ-TECH-POSTGRESQL-018,technical/postgresql/sql-update.md,技术文档类,postgresql 官方文档,GitHub/官网下载,2026-08-18,全员,资料管理组,已清洗,PostgreSQL: Documentation: 18: UPDATE,https://www.postgresql.org/docs/current/sql-update.html,PostgreSQL License
YQ-TECH-POSTGRESQL-019,technical/postgresql/sql-delete.md,技术文档类,postgresql 官方文档,GitHub/官网下载,2026-08-18,全员,资料管理组,已清洗,PostgreSQL: Documentation: 18: DELETE,https://www.postgresql.org/docs/current/sql-delete.html,PostgreSQL License
YQ-TECH-POSTGRESQL-020,technical/postgresql/sql-createindex.md,技术文档类,postgresql 官方文档,GitHub/官网下载,2026-08-18,全员,资料管理组,已清洗,PostgreSQL: Documentation: 18: CREATE INDEX,https://www.postgresql.org/docs/current/sql-createindex.html,PostgreSQL License
YQ-TECH-POSTGRESQL-021,technical/postgresql/sql-createtable.md,技术文档类,postgresql 官方文档,GitHub/官网下载,2026-08-18,全员,资料管理组,已清洗,PostgreSQL: Documentation: 18: CREATE TABLE,https://www.postgresql.org/docs/current/sql-createtable.html,PostgreSQL License
YQ-TECH-POSTGRESQL-022,technical/postgresql/sql-altertable.md,技术文档类,postgresql 官方文档,GitHub/官网下载,2026-08-18,全员,资料管理组,已清洗,PostgreSQL: Documentation: 18: ALTER TABLE,https://www.postgresql.org/docs/current/sql-altertable.html,PostgreSQL License
YQ-TECH-POSTGRESQL-023,technical/postgresql/indexes.md,技术文档类,postgresql 官方文档,GitHub/官网下载,2026-08-18,全员,资料管理组,已清洗,PostgreSQL: Documentation: 18: Chapter 11. Indexes,https://www.postgresql.org/docs/current/indexes.html,PostgreSQL License
YQ-TECH-POSTGRESQL-024,technical/postgresql/indexes-types.md,技术文档类,postgresql 官方文档,GitHub/官网下载,2026-08-18,全员,资料管理组,已清洗,PostgreSQL: Documentation: 18: 11.2. Index Types,https://www.postgresql.org/docs/current/indexes-types.html,PostgreSQL License
YQ-TECH-POSTGRESQL-025,technical/postgresql/indexes-ordering.md,技术文档类,postgresql 官方文档,GitHub/官网下载,2026-08-18,全员,资料管理组,已清洗,PostgreSQL: Documentation: 18: 11.4. Indexes and ORDER BY,https://www.postgresql.org/docs/current/indexes-ordering.html,PostgreSQL License
YQ-TECH-POSTGRESQL-026,technical/postgresql/functions-string.md,技术文档类,postgresql 官方文档,GitHub/官网下载,2026-08-18,全员,资料管理组,已清洗,PostgreSQL: Documentation: 18: 9.4. String Functions and Operators,https://www.postgresql.org/docs/current/functions-string.html,PostgreSQL License
YQ-TECH-POSTGRESQL-027,technical/postgresql/functions-datetime.md,技术文档类,postgresql 官方文档,GitHub/官网下载,2026-08-18,全员,资料管理组,已清洗,PostgreSQL: Documentation: 18: 9.9. Date/Time Functions and Operators,https://www.postgresql.org/docs/current/functions-datetime.html,PostgreSQL License
YQ-TECH-POSTGRESQL-028,technical/postgresql/functions-aggregate.md,技术文档类,postgresql 官方文档,GitHub/官网下载,2026-08-18,全员,资料管理组,已清洗,PostgreSQL: Documentation: 18: 9.21. Aggregate Functions,https://www.postgresql.org/docs/current/functions-aggregate.html,PostgreSQL License
YQ-TECH-POSTGRESQL-029,technical/postgresql/functions-window.md,技术文档类,postgresql 官方文档,GitHub/官网下载,2026-08-18,全员,资料管理组,已清洗,PostgreSQL: Documentation: 18: 9.22. Window Functions,https://www.postgresql.org/docs/current/functions-window.html,PostgreSQL License
YQ-TECH-POSTGRESQL-030,technical/postgresql/transactions.md,技术文档类,postgresql 官方文档,GitHub/官网下载,2026-08-18,全员,资料管理组,已清洗,PostgreSQL: Documentation: 18: Chapter 67. Transaction Processing,https://www.postgresql.org/docs/current/transactions.html,PostgreSQL License
YQ-TECH-POSTGRESQL-031,technical/postgresql/mvcc.md,技术文档类,postgresql 官方文档,GitHub/官网下载,2026-08-18,全员,资料管理组,已清洗,PostgreSQL: Documentation: 18: Chapter 13. Concurrency Control,https://www.postgresql.org/docs/current/mvcc.html,PostgreSQL License
YQ-TECH-POSTGRESQL-032,technical/postgresql/routine-vacuuming.md,技术文档类,postgresql 官方文档,GitHub/官网下载,2026-08-18,全员,资料管理组,已清洗,PostgreSQL: Documentation: 18: 24.1. Routine Vacuuming,https://www.postgresql.org/docs/current/routine-vacuuming.html,PostgreSQL License
YQ-TECH-POSTGRESQL-033,technical/postgresql/backup.md,技术文档类,postgresql 官方文档,GitHub/官网下载,2026-08-18,全员,资料管理组,已清洗,PostgreSQL: Documentation: 18: Chapter 25. Backup and Restore,https://www.postgresql.org/docs/current/backup.html,PostgreSQL License
YQ-TECH-POSTGRESQL-034,technical/postgresql/wal.md,技术文档类,postgresql 官方文档,GitHub/官网下载,2026-08-18,全员,资料管理组,已清洗,PostgreSQL: Documentation: 18: Chapter 28. Reliability and the Write-Ahead Log,https://www.postgresql.org/docs/current/wal.html,PostgreSQL License
YQ-TECH-POSTGRESQL-035,technical/postgresql/logical-replication.md,技术文档类,postgresql 官方文档,GitHub/官网下载,2026-08-18,全员,资料管理组,已清洗,PostgreSQL: Documentation: 18: Chapter 29. Logical Replication,https://www.postgresql.org/docs/current/logical-replication.html,PostgreSQL License
YQ-TECH-POSTGRESQL-036,technical/postgresql/high-availability.md,技术文档类,postgresql 官方文档,GitHub/官网下载,2026-08-18,全员,资料管理组,已清洗,"PostgreSQL: Documentation: 18: Chapter 26. High Availability, Load Balancing, and Replication",https://www.postgresql.org/docs/current/high-availability.html,PostgreSQL License
YQ-TECH-POSTGRESQL-037,technical/postgresql/monitoring.md,技术文档类,postgresql 官方文档,GitHub/官网下载,2026-08-18,全员,资料管理组,已清洗,PostgreSQL: Documentation: 18: Chapter 27. Monitoring Database Activity,https://www.postgresql.org/docs/current/monitoring.html,PostgreSQL License
YQ-TECH-POSTGRESQL-038,technical/postgresql/runtime-config-resource.md,技术文档类,postgresql 官方文档,GitHub/官网下载,2026-08-18,全员,资料管理组,已清洗,PostgreSQL: Documentation: 18: 19.4. Resource Consumption,https://www.postgresql.org/docs/current/runtime-config-resource.html,PostgreSQL License
YQ-TECH-POSTGRESQL-039,technical/postgresql/performance-tips.md,技术文档类,postgresql 官方文档,GitHub/官网下载,2026-08-18,全员,资料管理组,已清洗,PostgreSQL: Documentation: 18: Chapter 14. Performance Tips,https://www.postgresql.org/docs/current/performance-tips.html,PostgreSQL License
YQ-TECH-POSTGRESQL-040,technical/postgresql/client-authentication.md,技术文档类,postgresql 官方文档,GitHub/官网下载,2026-08-18,全员,资料管理组,已清洗,PostgreSQL: Documentation: 18: Chapter 20. Client Authentication,https://www.postgresql.org/docs/current/client-authentication.html,PostgreSQL License
YQ-TECH-POSTGRESQL-041,technical/postgresql/auth-pg-hba-conf.md,技术文档类,postgresql 官方文档,GitHub/官网下载,2026-08-18,全员,资料管理组,已清洗,PostgreSQL: Documentation: 18: 20.1. The pg_hba.conf File,https://www.postgresql.org/docs/current/auth-pg-hba-conf.html,PostgreSQL License
YQ-TECH-REDIS-001,technical/redis/docs/get-started/data-store.md,技术文档类,redis 官方文档,GitHub/官网下载,2026-08-18,全员,资料管理组,已清洗,,https://github.com/redis/redis-doc/blob/master/docs/get-started/data-store.md,NOASSERTION
YQ-TECH-REDIS-002,technical/redis/docs/get-started/faq.md,技术文档类,redis 官方文档,GitHub/官网下载,2026-08-18,全员,资料管理组,已清洗,,https://github.com/redis/redis-doc/blob/master/docs/get-started/faq.md,NOASSERTION
YQ-TECH-REDIS-003,technical/redis/docs/data-types/strings.md,技术文档类,redis 官方文档,GitHub/官网下载,2026-08-18,全员,资料管理组,已清洗,,https://github.com/redis/redis-doc/blob/master/docs/data-types/strings.md,NOASSERTION
YQ-TECH-REDIS-004,technical/redis/docs/data-types/lists.md,技术文档类,redis 官方文档,GitHub/官网下载,2026-08-18,全员,资料管理组,已清洗,,https://github.com/redis/redis-doc/blob/master/docs/data-types/lists.md,NOASSERTION
YQ-TECH-REDIS-005,technical/redis/docs/data-types/sets.md,技术文档类,redis 官方文档,GitHub/官网下载,2026-08-18,全员,资料管理组,已清洗,,https://github.com/redis/redis-doc/blob/master/docs/data-types/sets.md,NOASSERTION
YQ-TECH-REDIS-006,technical/redis/docs/data-types/hashes.md,技术文档类,redis 官方文档,GitHub/官网下载,2026-08-18,全员,资料管理组,已清洗,,https://github.com/redis/redis-doc/blob/master/docs/data-types/hashes.md,NOASSERTION
YQ-TECH-REDIS-007,technical/redis/docs/data-types/sorted-sets.md,技术文档类,redis 官方文档,GitHub/官网下载,2026-08-18,全员,资料管理组,已清洗,,https://github.com/redis/redis-doc/blob/master/docs/data-types/sorted-sets.md,NOASSERTION
YQ-TECH-REDIS-008,technical/redis/docs/data-types/streams.md,技术文档类,redis 官方文档,GitHub/官网下载,2026-08-18,全员,资料管理组,已清洗,,https://github.com/redis/redis-doc/blob/master/docs/data-types/streams.md,NOASSERTION
YQ-TECH-REDIS-009,technical/redis/docs/data-types/bitmaps.md,技术文档类,redis 官方文档,GitHub/官网下载,2026-08-18,全员,资料管理组,已清洗,,https://github.com/redis/redis-doc/blob/master/docs/data-types/bitmaps.md,NOASSERTION
YQ-TECH-REDIS-010,technical/redis/docs/data-types/bitfields.md,技术文档类,redis 官方文档,GitHub/官网下载,2026-08-18,全员,资料管理组,已清洗,,https://github.com/redis/redis-doc/blob/master/docs/data-types/bitfields.md,NOASSERTION
YQ-TECH-REDIS-011,technical/redis/docs/data-types/geospatial.md,技术文档类,redis 官方文档,GitHub/官网下载,2026-08-18,全员,资料管理组,已清洗,,https://github.com/redis/redis-doc/blob/master/docs/data-types/geospatial.md,NOASSERTION
YQ-TECH-REDIS-012,technical/redis/docs/connect/cli.md,技术文档类,redis 官方文档,GitHub/官网下载,2026-08-18,全员,资料管理组,已清洗,,https://github.com/redis/redis-doc/blob/master/docs/connect/cli.md,NOASSERTION
YQ-TECH-REDIS-013,technical/redis/docs/connect/clients/python.md,技术文档类,redis 官方文档,GitHub/官网下载,2026-08-18,全员,资料管理组,已清洗,,https://github.com/redis/redis-doc/blob/master/docs/connect/clients/python.md,NOASSERTION
YQ-TECH-REDIS-014,technical/redis/docs/connect/clients/java/lettuce.md,技术文档类,redis 官方文档,GitHub/官网下载,2026-08-18,全员,资料管理组,已清洗,,https://github.com/redis/redis-doc/blob/master/docs/connect/clients/java/lettuce.md,NOASSERTION
YQ-TECH-REDIS-015,technical/redis/docs/connect/clients/go.md,技术文档类,redis 官方文档,GitHub/官网下载,2026-08-18,全员,资料管理组,已清洗,,https://github.com/redis/redis-doc/blob/master/docs/connect/clients/go.md,NOASSERTION
YQ-TECH-REDIS-016,technical/redis/docs/interact/transactions.md,技术文档类,redis 官方文档,GitHub/官网下载,2026-08-18,全员,资料管理组,已清洗,,https://github.com/redis/redis-doc/blob/master/docs/interact/transactions.md,NOASSERTION
YQ-TECH-REDIS-017,technical/redis/docs/interact/pubsub.md,技术文档类,redis 官方文档,GitHub/官网下载,2026-08-18,全员,资料管理组,已清洗,,https://github.com/redis/redis-doc/blob/master/docs/interact/pubsub.md,NOASSERTION
YQ-TECH-REDIS-018,technical/redis/docs/interact/programmability/eval-intro.md,技术文档类,redis 官方文档,GitHub/官网下载,2026-08-18,全员,资料管理组,已清洗,,https://github.com/redis/redis-doc/blob/master/docs/interact/programmability/eval-intro.md,NOASSERTION
YQ-TECH-REDIS-019,technical/redis/docs/interact/programmability/functions-intro.md,技术文档类,redis 官方文档,GitHub/官网下载,2026-08-18,全员,资料管理组,已清洗,,https://github.com/redis/redis-doc/blob/master/docs/interact/programmability/functions-intro.md,NOASSERTION
YQ-TECH-REDIS-020,technical/redis/docs/interact/programmability/lua-api.md,技术文档类,redis 官方文档,GitHub/官网下载,2026-08-18,全员,资料管理组,已清洗,,https://github.com/redis/redis-doc/blob/master/docs/interact/programmability/lua-api.md,NOASSERTION
YQ-TECH-REDIS-021,technical/redis/docs/manual/keyspace.md,技术文档类,redis 官方文档,GitHub/官网下载,2026-08-18,全员,资料管理组,已清洗,,https://github.com/redis/redis-doc/blob/master/docs/manual/keyspace.md,NOASSERTION
YQ-TECH-REDIS-022,technical/redis/docs/manual/keyspace-notifications.md,技术文档类,redis 官方文档,GitHub/官网下载,2026-08-18,全员,资料管理组,已清洗,,https://github.com/redis/redis-doc/blob/master/docs/manual/keyspace-notifications.md,NOASSERTION
YQ-TECH-REDIS-023,technical/redis/docs/manual/client-side-caching.md,技术文档类,redis 官方文档,GitHub/官网下载,2026-08-18,全员,资料管理组,已清洗,,https://github.com/redis/redis-doc/blob/master/docs/manual/client-side-caching.md,NOASSERTION
YQ-TECH-REDIS-024,technical/redis/docs/manual/patterns/distributed-locks.md,技术文档类,redis 官方文档,GitHub/官网下载,2026-08-18,全员,资料管理组,已清洗,,https://github.com/redis/redis-doc/blob/master/docs/manual/patterns/distributed-locks.md,NOASSERTION
YQ-TECH-REDIS-025,technical/redis/docs/manual/pipelining/index.md,技术文档类,redis 官方文档,GitHub/官网下载,2026-08-18,全员,资料管理组,已清洗,,https://github.com/redis/redis-doc/blob/master/docs/manual/pipelining/index.md,NOASSERTION
YQ-TECH-REDIS-026,technical/redis/docs/management/persistence.md,技术文档类,redis 官方文档,GitHub/官网下载,2026-08-18,全员,资料管理组,已清洗,,https://github.com/redis/redis-doc/blob/master/docs/management/persistence.md,NOASSERTION
YQ-TECH-REDIS-027,technical/redis/docs/management/replication.md,技术文档类,redis 官方文档,GitHub/官网下载,2026-08-18,全员,资料管理组,已清洗,,https://github.com/redis/redis-doc/blob/master/docs/management/replication.md,NOASSERTION
YQ-TECH-REDIS-028,technical/redis/docs/management/sentinel.md,技术文档类,redis 官方文档,GitHub/官网下载,2026-08-18,全员,资料管理组,已清洗,,https://github.com/redis/redis-doc/blob/master/docs/management/sentinel.md,NOASSERTION
YQ-TECH-REDIS-029,technical/redis/docs/management/security/acl.md,技术文档类,redis 官方文档,GitHub/官网下载,2026-08-18,全员,资料管理组,已清洗,,https://github.com/redis/redis-doc/blob/master/docs/management/security/acl.md,NOASSERTION
YQ-TECH-REDIS-030,technical/redis/docs/management/security/encryption.md,技术文档类,redis 官方文档,GitHub/官网下载,2026-08-18,全员,资料管理组,已清洗,,https://github.com/redis/redis-doc/blob/master/docs/management/security/encryption.md,NOASSERTION
YQ-TECH-REDIS-031,technical/redis/docs/management/optimization/memory-optimization.md,技术文档类,redis 官方文档,GitHub/官网下载,2026-08-18,全员,资料管理组,已清洗,,https://github.com/redis/redis-doc/blob/master/docs/management/optimization/memory-optimization.md,NOASSERTION
YQ-TECH-REDIS-032,technical/redis/docs/management/optimization/latency.md,技术文档类,redis 官方文档,GitHub/官网下载,2026-08-18,全员,资料管理组,已清洗,,https://github.com/redis/redis-doc/blob/master/docs/management/optimization/latency.md,NOASSERTION
YQ-TECH-REDIS-033,technical/redis/docs/management/config.md,技术文档类,redis 官方文档,GitHub/官网下载,2026-08-18,全员,资料管理组,已清洗,,https://github.com/redis/redis-doc/blob/master/docs/management/config.md,NOASSERTION
YQ-TECH-REDIS-034,technical/redis/docs/reference/protocol-spec.md,技术文档类,redis 官方文档,GitHub/官网下载,2026-08-18,全员,资料管理组,已清洗,,https://github.com/redis/redis-doc/blob/master/docs/reference/protocol-spec.md,NOASSERTION
YQ-TECH-REDIS-035,technical/redis/docs/reference/eviction/index.md,技术文档类,redis 官方文档,GitHub/官网下载,2026-08-18,全员,资料管理组,已清洗,,https://github.com/redis/redis-doc/blob/master/docs/reference/eviction/index.md,NOASSERTION
YQ-TECH-REDIS-036,technical/redis/docs/reference/cluster-spec.md,技术文档类,redis 官方文档,GitHub/官网下载,2026-08-18,全员,资料管理组,已清洗,,https://github.com/redis/redis-doc/blob/master/docs/reference/cluster-spec.md,NOASSERTION
